id;response_datetime;tank_number;tank_type;cargo_id;cargo_name;weight;receiver_id;tank_index;location_station_id;location_station_name;location_datetime;location_operation;state_from_station_id;state_from_station_name;state_to_station_id;state_to_station_name;state_send_datetime;state_sender_id;planed_service_datetime;mileage_current;mileage_datetime;mileage_remain;mileage_update_datetime;tank_owner;tank_model;defect_region;defect_station;defect_datetime;defect_details;repair_region;repair_station;repair_datatime
1;2021-06-04;Maryland Chips Locks;portal;workforce;SSL Borders hard;matrices;Mississippi bypassing;Optimized connect neural;navigate Computers Generic;encryption Developer Frozen;Rand;compress;uniform 24/7 grey;Borders Dirham Program;users Borders Berkshire;Steel Soap Exclusive;Awesome encompassing;invoice Soft non-volatile;Multi-layered Customer;United;Frozen;24/7 National implement;empower navigating tan;quantifying Home;CSS;emulation;optimize;Bedfordshire e-commerce array;navigating primary Frozen;Berkshire;Shoes generate disintermediate;bluetooth
2;2021-06-03;Rustic Yemeni;Program Face Loan;copy even-keeled Tasty;Bike strategize;European;Turnpike Personal;Vatu;leverage compelling;optimize Anguilla explicit;Cambridgeshire Soap;Producer;moderator multi-byte parsing;approach Health ROI;Bedfordshire interface;PCI;Towels Quality;grid-enabled system;Manager Developer virtual;Loan Account;benchmark Table;payment connecting;Gorgeous;overriding Equatorial;digital mission-critical;withdrawal;next-generation Officer;silver deposit generate;protocol;Gorgeous Interactions Spring;mesh Junctions Internal;Russian Strategist
3;2021-06-04;Buckinghamshire Chips Mountain;Loan Movies;navigating Dale optical;Centralized;parsing;withdrawal;Guadeloupe JSON Concrete;Agent Multi-layered Alaska;Soft Locks;Mill;Kansas Consultant;Executive;lime Keys;feed Generic the;Reactive Views e-services;hacking;New;payment auxiliary Spain;even-keeled Markets;Dollar leverage;azure Manors Associate;Australia seize Buckinghamshire;array;Concrete;Usability Investor;payment and Borders;Dollar invoice;Bedfordshire compress black;online;Functionality;Credit Assistant
4;2021-06-04;Cross-group;matrix bandwidth Beauty;Fresh South;dynamic;SMS Bahamian;Dollar discrete;Chief;Books tan;Customer e-business Division;Buckinghamshire;invoice Metal Buckinghamshire;Berkshire payment PNG;Greenland content-based Account;reboot;compressing Cotton;Idaho;Belarus;Pitcairn monetize Account;Circle Bedfordshire Concrete;Northern methodologies;Rustic Home;Handmade;invoice Steel payment;Granite Personal monitor;Usability Fresh;vortals Avon Fish;Turkmenistan Mississippi;Tasty Mexico;Rufiyaa Garden;Shoes Outdoors;reboot Chips
5;2021-06-04;Frozen Cambridgeshire;Steel well-modulated Refined;feed multi-byte generating;1080p;Chips;front-end Auto;Lead well-modulated Computer;Bacon;Bedfordshire;Mouse;Berkshire transmit interface;Plastic Automated input;Bosnia Agent;online Monitored;Music;Fresh;Account;withdrawal sensor SSL;Analyst Fantastic Grenada;Fantastic;Corporate override Washington;Turkish;Handcrafted Avon;orange Plastic Cross-platform;Future;Officer alarm;tan violet;Multi-lateral;Cotton;strategize;redefine Borders SMTP
6;2021-06-04;Fantastic;Berkshire;even-keeled evolve;COM;Optimization reboot;technologies;Wooden interactive clicks-and-mortar;auxiliary virtual;Switchable mobile firewall;Central Interactions Loan;Frozen Integration;capacitor Som Division;Concrete American;Avon;Dale;Krona;Moroccan UAE portals;Global;copy;override;Pa'anga Falkland;District user-facing mindshare;Metal;local SMTP user-centric;e-business;withdrawal multi-byte;Product deliverables Salad;Pizza Granite;multi-byte Associate;Avon withdrawal Avon;transmitting systems withdrawal
7;2021-06-04;infomediaries Security hacking;Creative;grey Dollar) Delaware;Berkshire RSS Bacon;redundant architectures Legacy;policy Myanmar Hat;Soft Wooden Identity;HDD Metal;Lead;Fantastic Iowa auxiliary;online Wooden Jersey;deposit SDD Strategist;Grocery Plastic optical;Optimization e-business;Quality Compatible;Account;Fresh compress;deposit open-source;Multi-layered;Focused withdrawal matrix;Table indexing parsing;Pants;Designer Car Licensed;Chicken Borders indexing;redundant gold;Caicos;Automotive Awesome deposit;users yellow Handcrafted;Macedonia Supervisor Bike;Cambridgeshire Chilean Principal;lavender
8;2021-06-04;Credit Hampshire Peru;synergy Synergized;reintermediate;District;Dakota;Technician;Strategist;Functionality systematic;JBOD Cambridgeshire RAM;Drives;Generic XML Rubber;deposit Bike;Investment ivory;deposit;HTTP background maximize;Hryvnia;Riyal SQL Gloves;Cambridgeshire;PCI Account Officer;eyeballs Generic Rubber;open-source;interactive Dale;Ergonomic Fantastic;Dynamic Haiti;monitor;Marketing administration Quality;analyzing Secured Sharable;Internal connecting Wooden;hack Licensed;programming feed Plastic;Specialist
9;2021-06-04;Cheese impactful;Borders Vatu;Pizza;architectures;Health;synthesize;Kids indigo Vista;Manager;Route primary Sleek;Concrete HDD Seychelles;e-business value-added;Causeway Gloves;Ergonomic motivating;Industrial;toolset invoice;Yuan compressing wireless;XSS;Texas;salmon synthesize;eyeballs;Card Mouse Intelligent;target;distributed distributed haptic;Principal;navigating scale Pizza;Qatari Home Wooden;Avon Designer;architectures reboot;enable navigating;Concrete Swiss Keyboard;programming Cambridgeshire Organized
10;2021-06-04;optical Future;withdrawal SCSI;input Dakota Cambridgeshire;Response;Lira Credit Accountability;Concrete Group payment;virtual Avon Dynamic;red Representative overriding;Quality collaborative;Card Islands;Coordinator synthesize Delaware;Computers Chicken;navigate;Haven;Regional;Lari deposit user;Chief;Pennsylvania target;Loan;Investor;Corporate;redundant green;HTTP Handmade;functionalities;matrices copy;Directives program;mission-critical;Grenadines Assistant Afghanistan;e-markets;Account;Frozen Internal bottom-line
